{
  "h.0.attn.q_proj": {
    "local_damage_svd": 2.155114384018816,
    "local_damage_vpd": 0.42471830061290916,
    "downstream_damage_svd": 1.5312553617404774,
    "downstream_damage_vpd": 0.2785521342455297,
    "redundancy_svd": 7.577148680953764e-09,
    "redundancy_vpd": 1.577022492433265e-08,
    "win_local": true,
    "win_downstream": true,
    "win_redundancy": true
  },
  "h.0.attn.k_proj": {
    "local_damage_svd": 1.8705781518947333,
    "local_damage_vpd": 0.3834447865230004,
    "downstream_damage_svd": 0.23661778849782422,
    "downstream_damage_vpd": 0.04590416067068759,
    "redundancy_svd": 6.689623915359308e-09,
    "redundancy_vpd": 1.0259369742312598e-08,
    "win_local": true,
    "win_downstream": true,
    "win_redundancy": true
  },
  "h.0.attn.v_proj": {
    "local_damage_svd": 0.29717422963585705,
    "local_damage_vpd": 0.0670919572398816,
    "downstream_damage_svd": 0.043522825828404166,
    "downstream_damage_vpd": 0.00855387295184471,
    "redundancy_svd": 7.983170430270192e-09,
    "redundancy_vpd": 1.2620326503547802e-08,
    "win_local": true,
    "win_downstream": true,
    "win_redundancy": true
  },
  "h.0.attn.o_proj": {
    "local_damage_svd": 0.34824716722359883,
    "local_damage_vpd": 0.0704322448083758,
    "downstream_damage_svd": 0.20978863987256774,
    "downstream_damage_vpd": 0.04851446881249331,
    "redundancy_svd": 9.147220256158079e-09,
    "redundancy_vpd": 1.1916408818295892e-08,
    "win_local": true,
    "win_downstream": true,
    "win_redundancy": true
  },
  "h.0.mlp.c_fc": {
    "local_damage_svd": 1.4118040334433317,
    "local_damage_vpd": 0.13654127218954196,
    "downstream_damage_svd": 0.33399706207273994,
    "downstream_damage_vpd": 0.03170465669370515,
    "redundancy_svd": 4.402149052764338e-09,
    "redundancy_vpd": 1.1578252053003982e-08,
    "win_local": true,
    "win_downstream": true,
    "win_redundancy": true
  },
  "h.0.mlp.down_proj": {
    "local_damage_svd": 0.9159577605702603,
    "local_damage_vpd": 0.07802487958793591,
    "downstream_damage_svd": 0.47877047934647027,
    "downstream_damage_vpd": 0.03664081337148003,
    "redundancy_svd": 7.086315313044091e-09,
    "redundancy_vpd": 2.4842054332817217e-08,
    "win_local": true,
    "win_downstream": true,
    "win_redundancy": true
  },
  "h.1.attn.q_proj": {
    "local_damage_svd": 1.3113749674521387,
    "local_damage_vpd": 0.2585388541442626,
    "downstream_damage_svd": 0.6050958918349352,
    "downstream_damage_vpd": 0.11817400674624423,
    "redundancy_svd": 6.370620335297353e-09,
    "redundancy_vpd": 9.695157176105133e-09,
    "win_local": true,
    "win_downstream": true,
    "win_redundancy": true
  },
  "h.1.attn.k_proj": {
    "local_damage_svd": 1.2456239984603599,
    "local_damage_vpd": 0.27229050513852826,
    "downstream_damage_svd": 0.3343244651769055,
    "downstream_damage_vpd": 0.071094288264689,
    "redundancy_svd": 7.630549272519618e-09,
    "redundancy_vpd": 1.4819201045544045e-08,
    "win_local": true,
    "win_downstream": true,
    "win_redundancy": true
  },
  "h.1.attn.v_proj": {
    "local_damage_svd": 0.6422482624882833,
    "local_damage_vpd": 0.09835928080151177,
    "downstream_damage_svd": 0.16596035391557962,
    "downstream_damage_vpd": 0.024842152768296443,
    "redundancy_svd": 6.390062903469107e-09,
    "redundancy_vpd": 1.0732700892433777e-08,
    "win_local": true,
    "win_downstream": true,
    "win_redundancy": true
  },
  "h.1.attn.o_proj": {
    "local_damage_svd": 0.6882367843063548,
    "local_damage_vpd": 0.10164029111043789,
    "downstream_damage_svd": 0.7706699973437935,
    "downstream_damage_vpd": 0.08020025131560474,
    "redundancy_svd": 7.282461223293013e-09,
    "redundancy_vpd": 1.5234316860877202e-08,
    "win_local": true,
    "win_downstream": true,
    "win_redundancy": true
  },
  "h.1.mlp.c_fc": {
    "local_damage_svd": 1.6653797013374667,
    "local_damage_vpd": 0.1517806548446098,
    "downstream_damage_svd": 0.7143115223928665,
    "downstream_damage_vpd": 0.03999991172876053,
    "redundancy_svd": 6.721843607912735e-09,
    "redundancy_vpd": 1.3306231804984317e-08,
    "win_local": true,
    "win_downstream": true,
    "win_redundancy": true
  },
  "h.1.mlp.down_proj": {
    "local_damage_svd": 0.9416608221751327,
    "local_damage_vpd": 0.07537874273932725,
    "downstream_damage_svd": 0.4020190674831004,
    "downstream_damage_vpd": 0.028110005188737592,
    "redundancy_svd": 7.500682718521745e-09,
    "redundancy_vpd": 2.905598625815101e-08,
    "win_local": true,
    "win_downstream": true,
    "win_redundancy": true
  },
  "h.2.attn.q_proj": {
    "local_damage_svd": 1.097312158846762,
    "local_damage_vpd": 0.2195810944216987,
    "downstream_damage_svd": 0.39746430519153364,
    "downstream_damage_vpd": 0.0779219810276004,
    "redundancy_svd": 7.295861161418261e-09,
    "redundancy_vpd": 1.0774224302014315e-08,
    "win_local": true,
    "win_downstream": true,
    "win_redundancy": true
  },
  "h.2.attn.k_proj": {
    "local_damage_svd": 0.9828982541221194,
    "local_damage_vpd": 0.2109542136570468,
    "downstream_damage_svd": 0.34131588341551833,
    "downstream_damage_vpd": 0.07154967969879067,
    "redundancy_svd": 6.395159846345547e-09,
    "redundancy_vpd": 1.6744242071868587e-08,
    "win_local": true,
    "win_downstream": true,
    "win_redundancy": true
  },
  "h.2.attn.v_proj": {
    "local_damage_svd": 0.7679640477057547,
    "local_damage_vpd": 0.12251878002295555,
    "downstream_damage_svd": 0.334458993957378,
    "downstream_damage_vpd": 0.045674448785546676,
    "redundancy_svd": 7.134777583062829e-09,
    "redundancy_vpd": 1.3249159612569588e-08,
    "win_local": true,
    "win_downstream": true,
    "win_redundancy": true
  },
  "h.2.attn.o_proj": {
    "local_damage_svd": 0.7994475470855832,
    "local_damage_vpd": 0.12512523025254724,
    "downstream_damage_svd": 0.42784721046919005,
    "downstream_damage_vpd": 0.07884316403217326,
    "redundancy_svd": 7.257492413027117e-09,
    "redundancy_vpd": 1.795057290006688e-08,
    "win_local": true,
    "win_downstream": true,
    "win_redundancy": true
  },
  "h.2.mlp.c_fc": {
    "local_damage_svd": 1.5475021506814908,
    "local_damage_vpd": 0.1388991444243525,
    "downstream_damage_svd": 0.514282984950114,
    "downstream_damage_vpd": 0.045898819797732436,
    "redundancy_svd": 4.9887395667016126e-09,
    "redundancy_vpd": 1.0380206471932371e-08,
    "win_local": true,
    "win_downstream": true,
    "win_redundancy": true
  },
  "h.2.mlp.down_proj": {
    "local_damage_svd": 1.3318061305908486,
    "local_damage_vpd": 0.10616951451644259,
    "downstream_damage_svd": 0.5186356917256489,
    "downstream_damage_vpd": 0.03789786908602958,
    "redundancy_svd": 8.352905117436684e-09,
    "redundancy_vpd": 2.1607191623736432e-08,
    "win_local": true,
    "win_downstream": true,
    "win_redundancy": true
  },
  "h.3.attn.q_proj": {
    "local_damage_svd": 1.0331552648567595,
    "local_damage_vpd": 0.2044330797936169,
    "downstream_damage_svd": 0.351477985852398,
    "downstream_damage_vpd": 0.06871289627913058,
    "redundancy_svd": 5.915104943398156e-09,
    "redundancy_vpd": 1.1827627201211818e-08,
    "win_local": true,
    "win_downstream": true,
    "win_redundancy": true
  },
  "h.3.attn.k_proj": {
    "local_damage_svd": 0.971787681162823,
    "local_damage_vpd": 0.2085642306126374,
    "downstream_damage_svd": 0.3873515237501124,
    "downstream_damage_vpd": 0.08279733526217115,
    "redundancy_svd": 6.673847700497913e-09,
    "redundancy_vpd": 1.0918819558789275e-08,
    "win_local": true,
    "win_downstream": true,
    "win_redundancy": true
  },
  "h.3.attn.v_proj": {
    "local_damage_svd": 0.9330201738514006,
    "local_damage_vpd": 0.142115711555185,
    "downstream_damage_svd": 0.4104518943699077,
    "downstream_damage_vpd": 0.05551402466462676,
    "redundancy_svd": 6.514261986084735e-09,
    "redundancy_vpd": 3.4885262776510746e-08,