{
  "analytic": {
    "1": 1.0000000894069672,
    "2": 1.1529153883457184,
    "3": 1.2696932554244995,
    "4": 1.290486216545105,
    "6": 1.529627874493599,
    "8": 1.7033694982528687,
    "12": 1.7140372097492218,
    "16": 1.736758902668953
  },
  "bsf_cold": {
    "1": 1.0000001043081284,
    "2": 1.3442877680063248,
    "3": 1.4060822576284409,
    "4": 1.2823011130094528,
    "6": 1.2150350511074066,
    "8": 1.238971084356308,
    "12": 1.3292808681726456,
    "16": 1.3531753569841385
  },
  "bsf_warm": {
    "1": 1.0000000447034836,
    "2": 1.1528910845518112,
    "3": 1.2697240561246872,
    "4": 1.290510892868042,
    "6": 1.529600203037262,
    "8": 1.7034455686807632,
    "12": 1.7139956802129745,
    "16": 1.7367342710494995
  }
}