{
  "h.0.attn.q_proj": {
    "svd": 0.002617988735437393,
    "vpd": 0.0030110462103039026,
    "bsf_cold": 0.0029932588804513216,
    "bsf_warm": 0.0026180152781307697
  },
  "h.0.attn.k_proj": {
    "svd": 0.0019363862229511142,
    "vpd": 0.0022466510999947786,
    "bsf_cold": 0.002236121566966176,
    "bsf_warm": 0.001936408574692905
  },
  "h.0.attn.v_proj": {
    "svd": 6.825489253969863e-05,
    "vpd": 7.497158367186785e-05,
    "bsf_cold": 7.643477147212252e-05,
    "bsf_warm": 7.019229087745771e-05
  },
  "h.0.attn.o_proj": {
    "svd": 8.01807691459544e-05,
    "vpd": 9.300662350142375e-05,
    "bsf_cold": 9.423082519788295e-05,
    "bsf_warm": 8.220910967793316e-05
  },
  "h.0.mlp.c_fc": {
    "svd": 0.0005737277679145336,
    "vpd": 0.000633294926956296,
    "bsf_cold": 0.0006321052205748856,
    "bsf_warm": 0.0005776596372015774
  },
  "h.0.mlp.down_proj": {
    "svd": 0.00023203353339340538,
    "vpd": 0.00025857254513539374,
    "bsf_cold": 0.00025814404943957925,
    "bsf_warm": 0.0002340376959182322
  },
  "h.1.attn.q_proj": {
    "svd": 0.0009851658251136541,
    "vpd": 0.0011120960116386414,
    "bsf_cold": 0.0011082463897764683,
    "bsf_warm": 0.0009851658251136541
  },
  "h.1.attn.k_proj": {
    "svd": 0.0009230517316609621,
    "vpd": 0.0010426046792417765,
    "bsf_cold": 0.0010399174643680453,
    "bsf_warm": 0.0009230524301528931
  },
  "h.1.attn.v_proj": {
    "svd": 0.00032860200735740364,
    "vpd": 0.00035441500949673355,
    "bsf_cold": 0.0003555922594387084,
    "bsf_warm": 0.0003362080897204578
  },
  "h.1.attn.o_proj": {
    "svd": 0.00032181391725316644,
    "vpd": 0.00035770313115790486,
    "bsf_cold": 0.00035829254193231463,
    "bsf_warm": 0.0003297142975497991
  },
  "h.1.mlp.c_fc": {
    "svd": 0.0005616164417006075,
    "vpd": 0.0007150293095037341,
    "bsf_cold": 0.0007126432610675693,
    "bsf_warm": 0.0005663153133355081
  },
  "h.1.mlp.down_proj": {
    "svd": 0.00022034975700080395,
    "vpd": 0.0002469302562531084,
    "bsf_cold": 0.0002464482095092535,
    "bsf_warm": 0.00022217939840629697
  },
  "h.2.attn.q_proj": {
    "svd": 0.0006538883317261934,
    "vpd": 0.0007277442491613328,
    "bsf_cold": 0.000725707330275327,
    "bsf_warm": 0.0006656072218902409
  },
  "h.2.attn.k_proj": {
    "svd": 0.0005771486321464181,
    "vpd": 0.0006432175869122148,
    "bsf_cold": 0.0006421508151106536,
    "bsf_warm": 0.0005865735583938658
  },
  "h.2.attn.v_proj": {
    "svd": 0.0005704823997803032,
    "vpd": 0.0005958290421403944,
    "bsf_cold": 0.0005969748017378151,
    "bsf_warm": 0.0005816027987748384
  },
  "h.2.attn.o_proj": {
    "svd": 0.0005679380847141147,
    "vpd": 0.0006090165697969496,
    "bsf_cold": 0.0006104240892454982,
    "bsf_warm": 0.0005753085133619606
  },
  "h.2.mlp.c_fc": {
    "svd": 0.0005770667921751738,
    "vpd": 0.0006403688457794487,
    "bsf_cold": 0.0006390057387761772,
    "bsf_warm": 0.0005825765547342598
  },
  "h.2.mlp.down_proj": {
    "svd": 0.0005322997458279133,
    "vpd": 0.0005711287958547473,
    "bsf_cold": 0.0005697992746718228,
    "bsf_warm": 0.0005346021498553455
  },
  "h.3.attn.q_proj": {
    "svd": 0.0005567616899497807,
    "vpd": 0.0006385589367710054,
    "bsf_cold": 0.0006381773855537176,
    "bsf_warm": 0.0005567618063651025
  },
  "h.3.attn.k_proj": {
    "svd": 0.000516863539814949,
    "vpd": 0.0005933659849688411,
    "bsf_cold": 0.0005926502053625882,
    "bsf_warm": 0.0005282385391183197
  },
  "h.3.attn.v_proj": {
    "svd": 0.000772529689129442,
    "vpd": 0.0008191768429242074,
    "bsf_cold": 0.0008187887142412364,
    "bsf_warm": 0.0007839314639568329
  },
  "h.3.attn.o_proj": {
    "svd": 0.0007703432347625494,
    "vpd": 0.0008639933657832444,
    "bsf_cold": 0.0008647521608509123,
    "bsf_warm": 0.0007819215534254909
  },
  "h.3.mlp.c_fc": {
    "svd": 0.0006366752204485238,
    "vpd": 0.0007129841251298785,
    "bsf_cold": 0.0007113040192052722,
    "bsf_warm": 0.00064424320589751
  },
  "h.3.mlp.down_proj": {
    "svd": 0.000864970323164016,
    "vpd": 0.0009558189776726067,
    "bsf_cold": 0.0009531558607704937,
    "bsf_warm": 0.0008721395279280841
  }
}