{
  "model": "EleutherAI/pythia-70m",
  "layer": 3,
  "n_tokens": 352,
  "W_shape": [
    2048,
    512
  ],
  "results": {
    "analytic": {
      "1": 1.0000000596046448,
      "2": 1.4559492468833923,
      "3": 1.7270850539207458,
      "4": 1.8442568182945251,
      "6": 2.106247827410698,
      "8": 2.1229770481586456,
      "12": 2.193317174911499,
      "16": 2.1013291478157043
    },
    "bsf_cold": {
      "1": 1.0,
      "2": 1.4661448299884796,
      "3": 1.78394415974617,
      "4": 1.7170407176017761,
      "6": 1.9645473957061768,
      "8": 1.853849157691002,
      "12": 2.164513185620308,
      "16": 2.219896897673607
    },
    "bsf_warm": {
      "1": 0.9999999850988388,
      "2": 1.4559362977743149,
      "3": 1.7270611822605133,
      "4": 1.8442240357398987,
      "6": 2.1062068939208984,
      "8": 2.1229421198368073,
      "12": 2.193319633603096,
      "16": 2.101344659924507
    }
  }
}