{
  "analytic": {
    "1": 1.0000000223517418,
    "2": 1.4387849122285843,
    "3": 1.7178840339183807,
    "4": 1.9321618974208832,
    "6": 2.5330786406993866,
    "8": 2.8526786863803864,
    "12": 3.4506267309188843,
    "16": 3.835717022418976
  },
  "bsf_cold": {
    "1": 0.9999999850988388,
    "2": 1.4487523883581161,
    "3": 1.778390571475029,
    "4": 2.182354837656021,
    "6": 2.3929412364959717,
    "8": 2.6492636501789093,
    "12": 3.1153003573417664,
    "16": 3.191222846508026
  },
  "bsf_warm": {
    "1": 1.0000000223517418,
    "2": 1.4391210228204727,
    "3": 1.7178566753864288,
    "4": 1.9322854727506638,
    "6": 2.46712389588356,
    "8": 2.786106288433075,
    "12": 3.3549957275390625,
    "16": 3.8867476284503937
  },
  "trainable": {
    "1": 1.0000000223517418,
    "2": 1.4387849122285843,
    "3": 1.7178840339183807,
    "4": 1.9321618974208832,
    "6": 2.5330786406993866,
    "8": 2.8526786863803864,
    "12": 3.4506267309188843,
    "16": 3.835717022418976
  }
}