{
  "model": "EleutherAI/pythia-160m",
  "layer": 6,
  "n_tokens": 352,
  "W_shape": [
    3072,
    768
  ],
  "results": {
    "analytic": {
      "1": 0.9999999478459358,
      "2": 1.4221785515546799,
      "3": 1.6891439706087112,
      "4": 2.0500418841838837,
      "6": 2.4917147755622864,
      "8": 2.9223355054855347,
      "12": 3.3990605920553207,
      "16": 3.8747478276491165
    },
    "bsf_cold": {
      "1": 0.9999999850988388,
      "2": 1.4575515687465668,
      "3": 1.5832457840442657,
      "4": 1.4809445589780807,
      "6": 1.277551755309105,
      "8": 1.231628805398941,
      "12": 1.6438913941383362,
      "16": 1.911499410867691
    },
    "bsf_warm": {
      "1": 1.0,
      "2": 1.4221824556589127,
      "3": 1.6891412138938904,
      "4": 2.050042763352394,
      "6": 2.4916987270116806,
      "8": 2.922318086028099,
      "12": 3.3990315198898315,
      "16": 3.8747269958257675
    }
  }
}