{
  "svd_omp": {
    "mean_ms": 102.22658691661006,
    "total_s": 2.4534380859986413,
    "ratio_vs_svd": 1.0
  },
  "block_svd_omp": {
    "mean_ms": 93.67205016800047,
    "total_s": 2.2481292040320113,
    "ratio_vs_svd": 0.916317887482756
  },
  "trainable_scaffold": {
    "mean_ms": 391.85868049632217,
    "total_s": 9.404608331911732,
    "ratio_vs_svd": 3.8332364633867266
  },
  "vpd": {
    "mean_ms": 1584.6090363714513,
    "total_s": 38.030616872914834,
    "ratio_vs_svd": 15.500948277419011
  },
  "bsf_cold": {
    "mean_ms": 1493.2349027524954,
    "total_s": 35.83763766605989,
    "ratio_vs_svd": 14.607109048554868
  },
  "bsf_warm": {
    "mean_ms": 1582.3755294186412,
    "total_s": 37.97701270604739,
    "ratio_vs_svd": 15.479099685773942
  }
}