{
  "svd_omp": {
    "mean_ms": 110.78468445833249,
    "total_s": 2.6588324269999797,
    "ratio_vs_svd": 1.0
  },
  "block_svd_omp": {
    "mean_ms": 95.61447504166631,
    "total_s": 2.2947474009999915,
    "ratio_vs_svd": 0.8630658245691725
  },
  "trainable_scaffold": {
    "mean_ms": 265.70810591666645,
    "total_s": 6.376994541999995,
    "ratio_vs_svd": 2.398419124591203
  },
  "vpd": {
    "mean_ms": 443.4077776666665,
    "total_s": 10.641786663999996,
    "ratio_vs_svd": 4.00242849302367
  },
  "bsf_cold": {
    "mean_ms": 428.4943850416667,
    "total_s": 10.283865241,
    "ratio_vs_svd": 3.8678124791051673
  },
  "bsf_warm": {
    "mean_ms": 526.1737298749999,
    "total_s": 12.628169516999996,
    "ratio_vs_svd": 4.749516888978461
  }
}